Accession,Database,Description,Link,Usage,experiment_accession,file_accession,project,cell_type,ref_accession
ENCFF996ECA,ENCODE,MPRA normalized count data for OL27 in SK-N-SH cells,https://www.encodeproject.org/files/ENCFF996ECA/@@download/ENCFF996ECA.tsv,"MPRA experimental data used for Malinois training, validation, and testing",ENCSR623DJZ,ENCFF304FDH,OL27,SK-N-SH,ENCFF715XTT
ENCFF018AMJ,ENCODE,MPRA normalized count data for OL27 in A549 cells,https://www.encodeproject.org/files/ENCFF018AMJ/@@download/ENCFF018AMJ.tsv,"MPRA experimental data used for Malinois training, validation, and testing",ENCSR729IRS,ENCFF439ZER,OL27,A549,ENCFF715XTT
ENCFF345ASG,ENCODE,MPRA normalized count data for OL27 in GM12878 cells,https://www.encodeproject.org/files/ENCFF345ASG/@@download/ENCFF345ASG.tsv,"MPRA experimental data used for Malinois training, validation, and testing",ENCSR645CIP,ENCFF725MUJ,OL27,GM12878,ENCFF715XTT
ENCFF970OLE,ENCODE,MPRA normalized count data for OL27 in K562 cells,https://www.encodeproject.org/files/ENCFF970OLE/@@download/ENCFF970OLE.tsv,"MPRA experimental data used for Malinois training, validation, and testing",ENCSR857JFG,ENCFF172YVF,OL27,K562,ENCFF715XTT
ENCFF318XMJ,ENCODE,MPRA normalized count data for OL27 in HepG2 cells,https://www.encodeproject.org/files/ENCFF318XMJ/@@download/ENCFF318XMJ.tsv,"MPRA experimental data used for Malinois training, validation, and testing",ENCSR847SNQ,ENCFF224YJV,OL27,HepG2,ENCFF715XTT
ENCFF358MBK,ENCODE,MPRA normalized count data for OL28 in SK-N-SH cells,https://www.encodeproject.org/files/ENCFF358MBK/@@download/ENCFF358MBK.tsv,"MPRA experimental data used for Malinois training, validation, and testing",ENCSR833GXJ,ENCFF636IWQ,OL28,SK-N-SH,ENCFF384XZU
ENCFF379XWL,ENCODE,MPRA normalized count data for OL28 in HepG2 cells,https://www.encodeproject.org/files/ENCFF379XWL/@@download/ENCFF379XWL.tsv,"MPRA experimental data used for Malinois training, validation, and testing",ENCSR979TSK,ENCFF847LZR,OL28,HepG2,ENCFF384XZU
ENCFF774CHX,ENCODE,MPRA normalized count data for OL28 in K562 cells,https://www.encodeproject.org/files/ENCFF774CHX/@@download/ENCFF774CHX.tsv,"MPRA experimental data used for Malinois training, validation, and testing",ENCSR653LWA,ENCFF017YYT,OL28,K562,ENCFF384XZU
ENCFF138DJM,ENCODE,MPRA normalized count data for OL28 in A549 cells,https://www.encodeproject.org/files/ENCFF138DJM/@@download/ENCFF138DJM.tsv,"MPRA experimental data used for Malinois training, validation, and testing",ENCSR523VYM,ENCFF282DRV,OL28,A549,ENCFF384XZU
ENCFF277DDE,ENCODE,MPRA normalized count data for OL29 in A549 cells,https://www.encodeproject.org/files/ENCFF277DDE/@@download/ENCFF277DDE.tsv,"MPRA experimental data used for Malinois training, validation, and testing",ENCSR273YGD,ENCFF025ATT,OL29,A549,ENCFF074MMO
ENCFF334EKU,ENCODE,MPRA normalized count data for OL29 in K562 cells,https://www.encodeproject.org/files/ENCFF334EKU/@@download/ENCFF334EKU.tsv,"MPRA experimental data used for Malinois training, validation, and testing",ENCSR697PNZ,ENCFF889WPF,OL29,K562,ENCFF074MMO
ENCFF857FQR,ENCODE,MPRA normalized count data for OL29 in SK-N-SH cells,https://www.encodeproject.org/files/ENCFF857FQR/@@download/ENCFF857FQR.tsv,"MPRA experimental data used for Malinois training, validation, and testing",ENCSR742AAP,ENCFF329BLH,OL29,SK-N-SH,ENCFF074MMO
ENCFF477LDL,ENCODE,MPRA normalized count data for OL29 in HepG2 cells,https://www.encodeproject.org/files/ENCFF477LDL/@@download/ENCFF477LDL.tsv,"MPRA experimental data used for Malinois training, validation, and testing",ENCSR736XUK,ENCFF866FZN,OL29,HepG2,ENCFF074MMO
ENCFF484JFE,ENCODE,MPRA normalized count data for OL30 in HepG2 cells,https://www.encodeproject.org/files/ENCFF484JFE/@@download/ENCFF484JFE.tsv,"MPRA experimental data used for Malinois training, validation, and testing",ENCSR045VPN,ENCFF848GPT,OL30,HepG2,ENCFF621JOY
ENCFF227KRF,ENCODE,MPRA normalized count data for OL30 in K562 cells,https://www.encodeproject.org/files/ENCFF227KRF/@@download/ENCFF227KRF.tsv,"MPRA experimental data used for Malinois training, validation, and testing",ENCSR997GVD,ENCFF612YRJ,OL30,K562,ENCFF621JOY
ENCFF102ZVT,ENCODE,MPRA normalized count data for OL30 in A549 cells,https://www.encodeproject.org/files/ENCFF102ZVT/@@download/ENCFF102ZVT.tsv,"MPRA experimental data used for Malinois training, validation, and testing",ENCSR653QXW,ENCFF983DIE,OL30,A549,ENCFF621JOY
ENCFF333BAD,ENCODE,MPRA normalized count data for OL30 in SK-N-SH cells,https://www.encodeproject.org/files/ENCFF333BAD/@@download/ENCFF333BAD.tsv,"MPRA experimental data used for Malinois training, validation, and testing",ENCSR563TTU,ENCFF480BKB,OL30,SK-N-SH,ENCFF621JOY
ENCFF307HBZ,ENCODE,MPRA normalized count data for OL31 in A549 cells,https://www.encodeproject.org/files/ENCFF307HBZ/@@download/ENCFF307HBZ.tsv,"MPRA experimental data used for Malinois training, validation, and testing",ENCSR645XWQ,ENCFF772GNQ,OL31,A549,ENCFF431PJJ
ENCFF771HPB,ENCODE,MPRA normalized count data for OL31 in SK-N-SH cells,https://www.encodeproject.org/files/ENCFF771HPB/@@download/ENCFF771HPB.tsv,"MPRA experimental data used for Malinois training, validation, and testing",ENCSR505LQA,ENCFF329RAT,OL31,SK-N-SH,ENCFF431PJJ
ENCFF359KJL,ENCODE,MPRA normalized count data for OL31 in GM12878 cells,https://www.encodeproject.org/files/ENCFF359KJL/@@download/ENCFF359KJL.tsv,"MPRA experimental data used for Malinois training, validation, and testing",ENCSR410EJE,ENCFF178TFM,OL31,GM12878,ENCFF431PJJ
ENCFF035HKU,ENCODE,MPRA normalized count data for OL31 in HepG2 cells,https://www.encodeproject.org/files/ENCFF035HKU/@@download/ENCFF035HKU.tsv,"MPRA experimental data used for Malinois training, validation, and testing",ENCSR222QJT,ENCFF909YEL,OL31,HepG2,ENCFF431PJJ
ENCFF759PPO,ENCODE,MPRA normalized count data for OL31 in K562 cells,https://www.encodeproject.org/files/ENCFF759PPO/@@download/ENCFF759PPO.tsv,"MPRA experimental data used for Malinois training, validation, and testing",ENCSR753ZRI,ENCFF842RUM,OL31,K562,ENCFF431PJJ
ENCFF256WKS,ENCODE,MPRA normalized count data for OL32 in A549 cells,https://www.encodeproject.org/files/ENCFF256WKS/@@download/ENCFF256WKS.tsv,"MPRA experimental data used for Malinois training, validation, and testing",ENCSR213UGS,ENCFF978EGA,OL32,A549,ENCFF982GRP
ENCFF352JAC,ENCODE,MPRA normalized count data for OL32 in HepG2 cells,https://www.encodeproject.org/files/ENCFF352JAC/@@download/ENCFF352JAC.tsv,"MPRA experimental data used for Malinois training, validation, and testing",ENCSR712VZT,ENCFF112XKL,OL32,HepG2,ENCFF982GRP
ENCFF147SMK,ENCODE,MPRA normalized count data for OL32 in K562 cells,https://www.encodeproject.org/files/ENCFF147SMK/@@download/ENCFF147SMK.tsv,"MPRA experimental data used for Malinois training, validation, and testing",ENCSR135MRI,ENCFF995HVI,OL32,K562,ENCFF982GRP
ENCFF311DJW,ENCODE,MPRA normalized count data for OL32 in SK-N-SH cells,https://www.encodeproject.org/files/ENCFF311DJW/@@download/ENCFF311DJW.tsv,"MPRA experimental data used for Malinois training, validation, and testing",ENCSR574GPT,ENCFF885GWB,OL32,SK-N-SH,ENCFF982GRP
ENCFF350IJA,ENCODE,MPRA normalized count data for OL33 in HepG2 cells,https://www.encodeproject.org/files/ENCFF350IJA/@@download/ENCFF350IJA.tsv,"MPRA experimental data used for Malinois training, validation, and testing",ENCSR843APF,ENCFF983QNK,OL33,HepG2,ENCFF436FCK
ENCFF815ORW,ENCODE,MPRA normalized count data for OL33 in SK-N-SH cells,https://www.encodeproject.org/files/ENCFF815ORW/@@download/ENCFF815ORW.tsv,"MPRA experimental data used for Malinois training, validation, and testing",ENCSR562GGR,ENCFF382RYO,OL33,SK-N-SH,ENCFF436FCK
ENCFF865LNO,ENCODE,MPRA normalized count data for OL33 in A549 cells,https://www.encodeproject.org/files/ENCFF865LNO/@@download/ENCFF865LNO.tsv,"MPRA experimental data used for Malinois training, validation, and testing",ENCSR793OLW,ENCFF742UTE,OL33,A549,ENCFF436FCK
ENCFF755GRH,ENCODE,MPRA normalized count data for OL33 in K562 cells,https://www.encodeproject.org/files/ENCFF755GRH/@@download/ENCFF755GRH.tsv,"MPRA experimental data used for Malinois training, validation, and testing",ENCSR003TJR,ENCFF744OCG,OL33,K562,ENCFF436FCK
ENCFF440YVF,ENCODE,MPRA normalized count data for OL41 in SK-N-SH cells,https://www.encodeproject.org/files/ENCFF440YVF/@@download/ENCFF440YVF.tsv,"MPRA experimental data used for Malinois training, validation, and testing",ENCSR386XIB,ENCFF094EUR,OL41,SK-N-SH,ENCFF443RYE
ENCFF703OIL,ENCODE,MPRA normalized count data for OL41_42 in K562 cells,https://www.encodeproject.org/files/ENCFF703OIL/@@download/ENCFF703OIL.tsv,"MPRA experimental data used for Malinois training, validation, and testing",ENCSR971PLA,ENCFF141ZOX,OL41_42,K562,ENCFF443RYE;ENCFF728XQT
ENCFF927USI,ENCODE,MPRA normalized count data for OL41B in HepG2 cells,https://www.encodeproject.org/files/ENCFF927USI/@@download/ENCFF927USI.tsv,"MPRA experimental data used for Malinois training, validation, and testing",ENCSR554UKK,ENCFF734CRQ,OL41B,HepG2,ENCFF443RYE
ENCFF476FXK,ENCODE,MPRA normalized count data for OL41B in HCT116 cells,https://www.encodeproject.org/files/ENCFF476FXK/@@download/ENCFF476FXK.tsv,"MPRA experimental data used for Malinois training, validation, and testing",ENCSR443ZPY,ENCFF945UBA,OL41B,HCT116,ENCFF443RYE
ENCFF742ENC,ENCODE,MPRA normalized count data for OL42 in SK-N-SH cells,https://www.encodeproject.org/files/ENCFF742ENC/@@download/ENCFF742ENC.tsv,"MPRA experimental data used for Malinois training, validation, and testing",ENCSR579QGV,ENCFF521IVN,OL42,SK-N-SH,ENCFF728XQT
ENCFF112HAT,ENCODE,MPRA normalized count data for OL42 in HepG2 cells,https://www.encodeproject.org/files/ENCFF112HAT/@@download/ENCFF112HAT.tsv,"MPRA experimental data used for Malinois training, validation, and testing",ENCSR833BYO,ENCFF539GVZ,OL42,HepG2,ENCFF728XQT
ENCFF792IHA,ENCODE,MPRA normalized count data for OL42 in HCT116 cells,https://www.encodeproject.org/files/ENCFF792IHA/@@download/ENCFF792IHA.tsv,"MPRA experimental data used for Malinois training, validation, and testing",ENCSR873QHK,ENCFF966ZKK,OL42,HCT116,ENCFF728XQT
ENCFF488WYF,ENCODE,MPRA normalized count data for OL15 in K562 cells,,,ENCSR326HQU,ENCFF090LOS,OL15,K562,ENCFF657DGN
ENCFF934CCA,ENCODE,MPRA normalized count data for OL15 in HepG2 cells,,,ENCSR447RLV,ENCFF521ALH,OL15,HepG2,ENCFF657DGN
ENCFF725YCD,ENCODE,MPRA normalized count data for OL15 in SK-N-SH cells,,,ENCSR087VPA,ENCFF209EYZ,OL15,SK-N-SH,ENCFF657DGN